{"cameraMode":{"drawMode":0,"name":"Shaded","section":"Shading Mode"},"sceneLighting":true,"audioPlay":false,"sceneViewState":{"showFog":false,"showMaterialUpdate":true,"showSkybox":true,"showFlares":true,"showImageEffects":true,"showParticleSystems":true},"in2DMode":false,"pivot":{"x":323.2506103515625,"y":23.940391540527345,"z":389.62249755859377},"rotation":{"x":-0.10819221287965775,"y":0.866859495639801,"z":-0.4368509352207184,"w":-0.21460336446762086},"size":464.82611083984377,"orthographic":false}