{"cameraMode":{"drawMode":0,"name":"Shaded","section":"Shading Mode"},"sceneLighting":true,"audioPlay":false,"sceneViewState":{"showFog":false,"showMaterialUpdate":true,"showSkybox":true,"showFlares":true,"showImageEffects":true,"showParticleSystems":true},"in2DMode":false,"pivot":{"x":266.38421630859377,"y":-64.33151245117188,"z":204.40151977539063},"rotation":{"x":-0.3705202639102936,"y":-0.4890292286872864,"z":0.2409815788269043,"w":-0.7520174980163574},"size":184.4696044921875,"orthographic":false}